emp_no,birth_date,first_name,last_name,gender,hire_date
10011,1953-11-07,Mary,Sluis,F,1990-01-22
10532,1959-08-31,Mary,Wossner,F,1986-05-18
11821,1954-10-18,Mary,Piazza,F,1995-12-13
12334,1962-03-08,Mary,Ertl,F,1990-03-06
13562,1960-02-15,Mary,Cooley,M,1986-02-24
13881,1956-08-14,Mary,Monarch,F,1991-06-10
13924,1955-05-23,Mary,DasSarma,F,1991-11-05
16021,1964-06-04,Mary,Ananiadou,F,1994-05-21
20819,1955-12-28,Mary,Ritcey,M,1998-07-06
20863,1956-04-29,Mary,Schapire,M,1993-11-12
21187,1963-02-08,Mary,Munke,M,1989-10-20
21756,1962-01-11,Mary,Geffroy,M,1985-06-12
23680,1962-07-14,Mary,Navazio,F,1986-09-17
26273,1964-10-09,Mary,Angiulli,M,1986-01-23
26593,1961-11-05,Mary,Demian,M,1990-09-13
26899,1963-12-21,Mary,Luders,F,1987-12-03
26915,1957-01-29,Mary,Uludag,M,1986-02-11
27109,1954-06-16,Mary,Lanzelotte,M,1995-06-21
27747,1959-03-27,Mary,Fujisawa,F,1990-09-07
28912,1955-10-27,Mary,Monarch,F,1996-02-25
29063,1954-09-01,Mary,Seuren,M,1987-06-15
29309,1961-03-13,Mary,Srimani,M,1991-09-04
29339,1953-11-06,Mary,Itzfeldt,F,1991-01-18
32436,1961-10-23,Mary,Bultermann,M,1989-05-15
33624,1963-08-31,Mary,Babu,F,1992-05-05
36456,1962-11-02,Mary,Bugaenko,M,1989-10-26
36627,1955-08-15,Mary,Quadeer,M,1988-12-06
37228,1959-02-14,Mary,Glinert,F,1990-03-21
37488,1962-09-01,Mary,Copas,M,1985-10-20
39389,1963-08-02,Mary,Wroclawski,M,1986-07-22
39942,1952-10-06,Mary,Hofmeyr,F,1992-09-25
42687,1963-12-13,Mary,Milicic,M,1993-09-09
43993,1959-07-31,Mary,Goldhammer,M,1987-09-25
44215,1952-11-29,Mary,Hiroyama,M,1990-12-10
45693,1964-01-01,Mary,Lindenbaum,F,1996-02-25
47565,1961-11-18,Mary,Dredge,M,1989-03-22
48464,1962-01-26,Mary,Heemskerk,F,1985-08-11
50080,1954-01-17,Mary,Argence,F,1987-12-15
52983,1958-06-15,Mary,Litzkow,F,1985-11-23
54250,1953-02-15,Mary,Kalafatis,F,1996-10-28
60046,1958-09-28,Mary,Anandan,M,1985-12-06
63365,1962-09-23,Mary,Olano,M,1985-11-03
63678,1958-10-11,Mary,Lorch,F,1986-08-03
65145,1955-07-25,Mary,Perz,F,1990-07-29
66730,1960-11-01,Mary,Nishimukai,M,1993-05-04
70451,1961-04-15,Mary,Zeilberger,M,1986-01-15
70778,1959-11-21,Mary,Marchesini,M,1986-01-07
73998,1963-10-06,Mary,Ananiadou,M,1993-03-31
74268,1959-01-30,Mary,Kalafatis,M,1985-04-19
74873,1955-01-22,Mary,Holburn,M,1990-09-08
75173,1954-12-17,Mary,Pelz,M,1990-05-20
77394,1952-11-24,Mary,Wielonsky,M,1986-10-14
78541,1960-11-02,Mary,Collette,F,1986-10-11
78783,1960-07-29,Mary,Litvinov,M,1985-04-18
80135,1958-10-07,Mary,Zeidenstein,M,1989-11-02
80563,1959-05-16,Mary,Frolund,M,1988-06-16
80994,1959-10-25,Mary,Lueh,M,1985-11-21
82566,1952-02-24,Mary,Portugali,M,1987-09-13
82998,1953-11-20,Mary,Linares,M,1985-03-26
84052,1956-06-27,Mary,Decleir,F,1985-04-29
85687,1952-05-19,Mary,Hammerschmidt,M,1990-06-26
87235,1958-01-05,Mary,Speek,F,1988-04-30
87928,1956-06-10,Mary,Dulin,M,1986-08-05
88557,1957-01-14,Mary,Gruenwald,M,1990-10-03
88580,1962-12-04,Mary,Crabtree,M,1987-01-01
88698,1954-11-01,Mary,Lundstrom,F,1985-12-09
89383,1962-10-05,Mary,Siochi,M,1991-01-15
90298,1960-07-02,Mary,Kalefeld,F,1991-06-16
93118,1957-07-20,Mary,Ruemmler,F,1985-04-11
94138,1962-02-12,Mary,Schrooten,F,1988-12-16
94979,1952-02-03,Mary,Chimia,M,1991-05-28
97902,1963-09-11,Mary,Ghalwash,M,1993-05-01
98349,1956-09-08,Mary,Brookner,M,1986-08-15
101753,1956-12-03,Mary,Biron,M,1987-01-26
103988,1955-09-25,Mary,Griswold,M,1987-01-23
104751,1954-05-04,Mary,Puoti,F,1990-06-22
105757,1959-03-30,Mary,Ulupinar,M,1992-02-03
200702,1955-02-16,Mary,Eldridge,M,1985-09-11
200960,1956-12-31,Mary,Ligten,M,1987-09-12
201430,1953-01-06,Mary,Melski,F,1987-09-13
201790,1958-02-18,Mary,Gente,F,1990-05-15
202957,1961-12-23,Mary,Leivant,F,1986-07-09
202967,1952-10-17,Mary,Hasenauer,M,1995-06-08
203685,1957-03-06,Mary,Mitsuhashi,M,1990-06-21
204136,1963-07-10,Mary,Tramer,M,1986-10-25
205146,1955-12-01,Mary,Billingsley,F,1991-01-17
205500,1965-01-04,Mary,Setiz,F,1989-01-13
208726,1955-08-21,Mary,Barinka,M,1987-08-23
211941,1962-08-11,Mary,Hofman,M,1993-12-30
213884,1959-04-10,Mary,Trystram,M,1987-07-16
215804,1957-01-28,Mary,Lorch,F,1994-03-09
216078,1952-02-10,Mary,Danecki,M,1991-01-17
216534,1962-03-30,Mary,Pillow,M,1985-09-22
217707,1962-09-05,Mary,Lichtman,F,1987-11-20
219082,1954-03-29,Mary,Baalen,F,1988-03-31
219325,1962-10-18,Mary,Furedi,M,1985-11-05
221311,1955-10-10,Mary,Molenkamp,M,1995-09-27
221670,1960-11-04,Mary,Garnier,M,1986-02-01
224166,1954-12-12,Mary,Baaz,F,1987-02-11
224498,1955-06-24,Mary,Khalil,F,1986-05-13
225129,1954-12-16,Mary,Zaumen,M,1989-01-31
229596,1958-12-18,Mary,DasSarma,M,1996-02-26
229809,1962-05-13,Mary,Thiria,M,1993-01-06
231418,1964-03-22,Mary,Bierbaum,F,1988-04-13
233161,1960-04-08,Mary,Goldhammer,M,1985-09-18
235214,1956-10-26,Mary,Axelband,M,1993-06-20
235696,1955-12-02,Mary,Uhrik,M,1996-02-21
237139,1963-07-26,Mary,Lienhardt,M,1989-07-01
238846,1960-12-03,Mary,Burnard,M,1988-10-12
240321,1955-08-19,Mary,Bugaenko,M,1990-01-11
240360,1953-12-12,Mary,Pelz,F,1985-08-19
241287,1957-08-03,Mary,Rodite,F,1987-04-17
242164,1963-01-29,Mary,Shihab,M,1994-01-24
243328,1955-05-11,Mary,Yoshizawa,M,1991-09-24
244656,1959-08-15,Mary,Beausoleil,F,1985-05-03
246376,1956-06-03,Mary,Pollock,F,1986-01-26
253608,1958-02-18,Mary,Lamba,M,1989-01-20
253926,1952-06-24,Mary,Krichel,M,1992-10-31
254095,1959-12-13,Mary,Farris,F,1988-08-16
254642,1959-01-17,Mary,Botman,M,1989-11-24
256230,1962-03-09,Mary,Peha,M,1998-07-31
258873,1955-06-29,Mary,Czaja,F,1993-11-04
259055,1957-10-09,Mary,Suwa,M,1986-04-10
259392,1952-03-11,Mary,Jansen,M,1988-12-24
259980,1962-06-11,Mary,Muntz,F,1986-02-04
261230,1955-07-30,Mary,Percebois,M,1989-06-19
261556,1963-09-02,Mary,Camurati,F,1985-06-23
263268,1960-07-01,Mary,Katalagarianos,M,1995-10-25
266414,1956-12-09,Mary,Beetstra,M,1987-08-05
268565,1961-03-22,Mary,Henders,F,1989-06-22
268880,1952-12-03,Mary,Strooper,M,1985-04-14
270135,1952-05-27,Mary,Heyers,M,1994-01-25
271770,1953-02-24,Mary,Schlegelmilch,M,1991-09-08
271976,1952-12-06,Mary,Kuhnemann,F,1986-09-06
274104,1956-06-21,Mary,Rajcani,M,1987-05-20
275015,1964-08-09,Mary,Wuwongse,M,1993-03-02
276116,1964-10-15,Mary,Bazzichi,M,1989-01-07
278822,1956-04-24,Mary,Piazza,M,1987-12-21
279965,1963-03-24,Mary,Servieres,M,1996-09-12
282853,1954-12-07,Mary,Perna,F,1992-12-01
286037,1963-03-26,Mary,Busillo,M,1993-08-26
286076,1954-03-31,Mary,Callaway,M,1986-09-08
289876,1956-06-28,Mary,Rabejac,M,1989-08-22
290828,1952-10-15,Mary,Munro,M,1986-03-05
290877,1957-02-09,Mary,Cronau,F,1991-03-30
292518,1959-09-11,Mary,Welham,M,1987-01-23
293347,1954-06-04,Mary,Sidje,M,1988-05-27
295934,1961-11-03,Mary,Chinen,F,1989-05-28
297632,1959-04-05,Mary,Laurillard,M,1985-10-15
297847,1962-10-31,Mary,Takanami,F,1985-12-25
298277,1953-08-01,Mary,Uludag,M,1987-02-22
400585,1959-01-07,Mary,Comellas,M,1995-09-23
400920,1955-05-29,Mary,Braunschweig,M,1994-10-27
401515,1956-03-10,Mary,Kampfer,F,1996-12-11
401926,1959-12-07,Mary,Matteis,M,1987-12-23
402915,1958-09-27,Mary,Hutter,F,1988-03-01
404420,1955-07-30,Mary,Ranka,F,1986-09-14
404839,1952-08-19,Mary,Masand,F,1986-05-01
405991,1962-09-22,Mary,Ozeri,M,1986-02-10
407489,1964-06-07,Mary,Carrere,F,1993-01-29
410311,1960-05-15,Mary,Poujol,F,1987-01-23
413992,1964-12-13,Mary,Heusch,M,1987-10-22
414882,1959-06-14,Mary,Panangaden,M,1985-08-30
415883,1958-11-06,Mary,Koyama,F,1988-07-31
415926,1953-10-19,Mary,Ratnaker,M,1990-08-26
416185,1953-08-29,Mary,Gils,M,1993-02-24
416790,1953-03-03,Mary,Mitchem,M,1996-03-01
418317,1961-10-06,Mary,Pietrzykowski,M,1995-06-12
420768,1955-12-06,Mary,Cyne,M,1988-10-19
421221,1962-06-13,Mary,Ibel,M,1989-01-19
423164,1960-06-24,Mary,Tokunaga,F,1993-04-24
423386,1964-03-23,Mary,Stavenow,F,1990-03-22
427560,1953-03-20,Mary,Burnard,F,1990-05-29
427641,1953-02-27,Mary,Lamparter,F,1992-05-18
427816,1953-12-04,Mary,Speek,M,1996-06-03
431068,1952-03-12,Mary,Edelhoff,M,1994-08-25
434277,1953-11-02,Mary,Assaf,F,1995-06-09
434375,1960-12-06,Mary,Uhrig,M,1985-09-06
434910,1958-04-20,Mary,Baer,M,1989-03-04
439763,1961-08-28,Mary,Casley,M,1991-04-18
440659,1959-12-17,Mary,Lindqvist,M,1987-09-05
443029,1952-08-29,Mary,Bahk,F,1990-02-12
443267,1956-03-09,Mary,Feinberg,F,1986-04-05
443268,1957-08-30,Mary,Schrooten,M,1994-08-17
445231,1963-12-11,Mary,Litecky,M,1988-06-05
446316,1961-09-22,Mary,Potthoff,M,1988-08-22
446393,1957-10-03,Mary,Kornyak,F,1994-05-17
451899,1964-07-21,Mary,Kaiser,F,1987-03-15
454632,1958-08-20,Mary,Mullainathan,M,1985-02-25
454758,1961-03-26,Mary,Jansen,M,1991-02-07
457469,1959-07-15,Mary,Weedman,M,1996-11-21
459548,1952-05-01,Mary,Meszaros,F,1986-12-26
459666,1959-03-22,Mary,Claffy,F,1987-02-12
462039,1956-03-30,Mary,Yavatkar,F,1985-10-19
462906,1953-11-17,Mary,Cronin,F,1995-10-08
470696,1958-10-11,Mary,Harllee,M,1988-07-27
471069,1959-06-11,Mary,Grospietsch,F,1986-05-24
471495,1960-09-24,Mary,Dymetman,M,1988-06-09
472588,1953-02-02,Mary,Rosti,M,1988-04-14
474137,1957-06-16,Mary,Kampfer,M,1992-10-21
474319,1962-01-20,Mary,Mitsuhashi,M,1992-09-10
474540,1962-02-27,Mary,Conti,M,1990-07-24
476417,1960-08-06,Mary,Staudhammer,M,1992-10-17
477560,1952-12-29,Mary,Keohane,M,1990-06-11
478397,1959-09-19,Mary,Anger,M,1988-11-16
478996,1954-07-15,Mary,Conti,F,1988-01-20
480591,1958-02-24,Mary,Kumaresan,M,1990-06-11
480831,1956-01-27,Mary,Wynblatt,M,1989-08-18
480956,1955-03-30,Mary,Delaune,F,1989-01-01
481451,1960-07-03,Mary,Mahmud,M,1994-09-22
482286,1958-02-21,Mary,Thambidurai,M,1986-01-28
486361,1957-10-15,Mary,Oberman,M,1988-09-06
486829,1953-10-11,Mary,Facello,M,1998-02-13
489788,1964-05-16,Mary,Birrer,M,1991-05-06
491899,1957-01-16,Mary,Ananiadou,F,1987-06-20
492579,1956-05-15,Mary,Nyanchama,M,1993-02-03
494905,1962-05-09,Mary,Kinley,F,1985-06-24
495497,1961-01-24,Mary,Marsiglia,M,1988-10-01
495777,1958-06-25,Mary,Baba,F,1994-07-18
495822,1957-05-29,Mary,Swift,M,1994-05-17
496174,1954-08-10,Mary,Staudhammer,M,1988-11-30
496260,1953-01-05,Mary,Showalter,M,1990-05-07
497129,1957-10-19,Mary,Penn,M,1987-02-07
497717,1954-10-05,Mary,Tiemann,M,1991-03-21
